id,season,week,seasonType,startDate,startTimeTBD,completed,neutralSite,conferenceGame,attendance,venueId,venue,homeId,homeTeam,homeClassification,homeConference,homePoints,homeLineScores,homePostgameWinProbability,homePregameElo,homePostgameElo,awayId,awayTeam,awayClassification,awayConference,awayPoints,awayLineScores,awayPostgameWinProbability,awayPregameElo,awayPostgameElo,excitementIndex,highlights,notes
401757278,2025,7,regular,2025-10-08T23:30:00.000Z,False,False,False,True,,3725,"Johnny ""Red"" Floyd Stadium",2393,Middle Tennessee,fbs,Conference USA,,,,,,2623,Missouri State,fbs,Conference USA,,,,,,,,
401757277,2025,7,regular,2025-10-09T00:00:00.000Z,False,False,False,True,,3946,Sun Bowl,2638,UTEP,fbs,Conference USA,,,,,,2335,Liberty,fbs,Conference USA,,,,,,,,
401762480,2025,7,regular,2025-10-09T04:00:00.000Z,True,False,False,True,,4729,Yulman Stadium,2655,Tulane,fbs,American Athletic,,,,,,151,East Carolina,fbs,American Athletic,,,,,,,,
401761622,2025,7,regular,2025-10-09T04:00:00.000Z,True,False,False,True,,3608,Allen E. Paulson Stadium,290,Georgia Southern,fbs,Sun Belt,,,,,,2572,Southern Miss,fbs,Sun Belt,,,,,,,,
401773365,2025,7,regular,2025-10-09T23:00:00.000Z,False,False,False,True,,3875,Paul Laird Field,199,Southeastern Oklahoma State,ii,Great American,,,,,,2264,Harding University,ii,Great American,,,,,,,,
401757280,2025,7,regular,2025-10-09T23:00:00.000Z,False,False,False,True,,4899,Fifth Third Stadium,338,Kennesaw State,fbs,Conference USA,,,,,,2348,Louisiana Tech,fbs,Conference USA,,,,,,,,
401757279,2025,7,regular,2025-10-10T00:00:00.000Z,False,False,False,True,,3647,Elliott T. Bowers Stadium,2534,Sam Houston,fbs,Conference USA,,,,,,55,Jacksonville State,fbs,Conference USA,,,,,,,,
401767691,2025,7,regular,2025-10-10T23:00:00.000Z,False,False,False,True,,3750,Harvard Stadium,108,Harvard,fcs,Ivy,,,,,,172,Cornell,fcs,Ivy,,,,,,,,
401783354,2025,7,regular,2025-10-10T23:00:00.000Z,False,False,False,True,,3851,Mustang Stadium,471,Stevenson,iii,Mid Atlantic,,,,,,247,Kings College (PA),iii,Mid Atlantic,,,,,,,,
401762481,2025,7,regular,2025-10-10T23:30:00.000Z,False,False,False,True,,3825,DATCU Stadium,249,North Texas,fbs,American Athletic,,,,,,58,South Florida,fbs,American Athletic,,,,,,,,
401752862,2025,7,regular,2025-10-11T01:00:00.000Z,False,False,False,True,,3765,Husky Stadium,264,Washington,fbs,Big Ten,,,,,,164,Rutgers,fbs,Big Ten,,,,,,,,
401760388,2025,7,regular,2025-10-11T01:00:00.000Z,False,False,False,True,,5388,Canvas Stadium,36,Colorado State,fbs,Mountain West,,,,,,278,Fresno State,fbs,Mountain West,,,,,,,,
401752731,2025,7,regular,2025-10-11T04:00:00.000Z,True,False,False,True,,3785,Jordan-Hare Stadium,2,Auburn,fbs,SEC,,,,,,61,Georgia,fbs,SEC,,,,1998.0,,,,NIGHT: 6 - 8pm ET start
401773126,2025,7,regular,2025-10-11T04:00:00.000Z,True,False,False,True,,7076,J.W. Babb Stadium,101784,ERSKINE,ii,Gulf South,,,,,,2822,North Greenville,ii,Gulf South,,,,,,,,
401773719,2025,7,regular,2025-10-11T04:00:00.000Z,True,False,False,True,,6074,Grappone Stadium,2830,St. Anselm,ii,Northeast 10,,,,,,112334,Franklin Pierce,ii,Northeast 10,,,,,,,,
401774255,2025,7,regular,2025-10-11T04:00:00.000Z,True,False,False,True,,5821,Fritz B. Burns Stadium,17,Claremont-Mudd-Scripps College,iii,So. Cal.,,,,,,29,Redlands,iii,So. Cal.,,,,,,,,
401774275,2025,7,regular,2025-10-11T04:00:00.000Z,True,False,True,True,,10465,Mayo Field,101442,CENTENARY,iii,Southern Collegiate Athletic,,,,,,2639,Texas Lutheran,iii,Southern Collegiate Athletic,,,,,,,,
401774453,2025,7,regular,2025-10-11T04:00:00.000Z,True,False,False,False,,4423,Young-Wise Memorial Stadium,418,Hendrix College,iii,Southern Athletic,,,,,,2045,Austin,iii,Southern Collegiate Athletic,,,,,,,,
401777257,2025,7,regular,2025-10-11T04:00:00.000Z,True,False,False,True,,3671,Case Field,2963,Case Western Reserve,iii,Presidents',,,,,,2018,Allegheny,iii,Presidents',,,,,,,,
401767776,2025,7,regular,2025-10-11T04:00:00.000Z,True,False,False,True,,3979,Wagner College Stadium,2681,Wagner,fcs,NEC,,,,,,2385,Mercyhurst,fcs,NEC,,,,,,,,
401767744,2025,7,regular,2025-10-11T04:00:00.000Z,True,False,False,True,,3777,Joe Walton Stadium,2523,Robert Morris,fcs,NEC,,,,,,2115,Central Connecticut,fcs,NEC,,,,,,,,
401767699,2025,7,regular,2025-10-11T04:00:00.000Z,True,False,False,True,,3826,Memorial Field,159,Dartmouth,fcs,Ivy,,,,,,43,Yale,fcs,Ivy,,,,,,,,
401767629,2025,7,regular,2025-10-11T04:00:00.000Z,True,False,False,False,,3730,Franklin Field,219,Pennsylvania,fcs,Ivy,,,,,,2368,Marist,fcs,Pioneer,,,,,,,,
401767560,2025,7,regular,2025-10-11T04:00:00.000Z,True,False,False,True,,5400,William B. Greene Jr. Stadium,2193,East Tennessee State,fcs,Southern,,,,,,2678,VMI,fcs,Southern,,,,,,,,
401767537,2025,7,regular,2025-10-11T04:00:00.000Z,True,False,False,True,,5237,Dana J. Dykhouse Stadium,2571,South Dakota State,fcs,MVFC,,,,,,2460,Northern Iowa,fcs,MVFC,,,,,,,,
401767461,2025,7,regular,2025-10-11T04:00:00.000Z,True,False,False,True,,4762,Memorial Stadium (Commerce TX),2837,East Texas A&M,fcs,Southland,,,,,,2320,Lamar,fcs,Southland,,,,,,,,
401767439,2025,7,regular,2025-10-11T04:00:00.000Z,True,False,False,True,,3909,Roy Stewart Stadium,93,Murray State,fcs,MVFC,,,,,,2287,Illinois State,fcs,MVFC,,,,,,,,
401767413,2025,7,regular,2025-10-11T04:00:00.000Z,True,False,False,False,,3650,Bragg Memorial Stadium,50,Florida A&M,fcs,SWAC,,,,,,2428,North Carolina Central,fcs,MEAC,,,,,,,,
401767407,2025,7,regular,2025-10-11T04:00:00.000Z,True,False,False,False,,3737,Gibbs Stadium,2747,Wofford,fcs,Southern,,,,,,2450,Norfolk State,fcs,MEAC,,,,,,,,
401767400,2025,7,regular,2025-10-11T04:00:00.000Z,True,False,False,False,,3762,Hughes Stadium,2415,Morgan State,fcs,MEAC,,,,,,2355,Virginia University Of Lynchburg,,,,,,,,,,
401767287,2025,7,regular,2025-10-11T04:00:00.000Z,True,False,False,True,,4133,Braly Municipal Stadium,2453,North Alabama,fcs,UAC,,,,,,2110,Central Arkansas,fcs,UAC,,,,,,,,
401767260,2025,7,regular,2025-10-11T04:00:00.000Z,True,False,False,True,,3781,Johnny Unitas Stadium,119,Towson,fcs,CAA,,,,,,2405,Monmouth,fcs,CAA,,,,,,,,
401767192,2025,7,regular,2025-10-11T04:00:00.000Z,True,False,False,False,,6048,Duane Stadium,2771,Merrimack,fcs,FCS Independents,,,,,,311,Maine,fcs,CAA,,,,,,,,
401767133,2025,7,regular,2025-10-11T04:00:00.000Z,True,False,False,True,,3942,Stewart Stadium,2692,Weber State,fcs,Big Sky,,,,,,16,Sacramento State,fcs,Big Sky,,,,,,,,
401767122,2025,7,regular,2025-10-11T04:00:00.000Z,True,False,False,True,,3791,Kibbie Dome,70,Idaho,fcs,Big Sky,,,,,,2458,Northern Colorado,fcs,Big Sky,,,,,,,,
401767116,2025,7,regular,2025-10-11T04:00:00.000Z,True,False,False,True,,3602,Aggie Stadium,302,UC Davis,fcs,Big Sky,,,,,,2464,Northern Arizona,fcs,Big Sky,,,,,,,,
401767084,2025,7,regular,2025-10-11T04:00:00.000Z,True,False,False,True,,3643,Bobcat Stadium,147,Montana State,fcs,Big Sky,,,,,,304,Idaho State,fcs,Big Sky,,,,,,,,
401767079,2025,7,regular,2025-10-11T04:00:00.000Z,True,False,False,True,,3987,Washington-Grizzly Stadium,149,Montana,fcs,Big Sky,,,,,,13,Cal Poly,fcs,Big Sky,,,,,,,,
401762837,2025,7,regular,2025-10-11T04:00:00.000Z,True,False,False,True,,3696,Dix Stadium,2309,Kent State,fbs,Mid-American,,,,,,113,Massachusetts,fbs,Mid-American,,,,,,,,
401762836,2025,7,regular,2025-10-11T04:00:00.000Z,True,False,False,True,,3912,Rynearson Stadium,2199,Eastern Michigan,fbs,Mid-American,,,,,,2459,Northern Illinois,fbs,Mid-American,,,,,,,,
401762835,2025,7,regular,2025-10-11T04:00:00.000Z,True,False,False,True,,3700,Doyt L. Perry Stadium,189,Bowling Green,fbs,Mid-American,,,,,,2649,Toledo,fbs,Mid-American,,,,,,,,
401762834,2025,7,regular,2025-10-11T04:00:00.000Z,True,False,False,True,,3980,Waldo Stadium,2711,Western Michigan,fbs,Mid-American,,,,,,2050,Ball State,fbs,Mid-American,,,,,,,,
401762833,2025,7,regular,2025-10-11T04:00:00.000Z,True,False,False,True,,3768,InfoCision Stadium,2006,Akron,fbs,Mid-American,,,,,,193,Miami (OH),fbs,Mid-American,,,,,,,,
401762485,2025,7,regular,2025-10-11T04:00:00.000Z,True,False,False,True,,3604,Alamodome,2636,UTSA,fbs,American Athletic,,,,,,242,Rice,fbs,American Athletic,,,,,,,,
401762484,2025,7,regular,2025-10-11T04:00:00.000Z,True,False,False,True,,3806,Lincoln Financial Field,218,Temple,fbs,American Athletic,,,,,,2426,Navy,fbs,American Athletic,,,,,,,,
401762482,2025,7,regular,2025-10-11T04:00:00.000Z,True,False,False,True,,3715,FAU Stadium,2226,Florida Atlantic,fbs,American Athletic,,,,,,5,UAB,fbs,American Athletic,,,,,,,,
401761627,2025,7,regular,2025-10-11T04:00:00.000Z,True,False,False,True,,3644,Bobcat Stadium (TX),326,Texas State,fbs,Sun Belt,,,,,,2653,Troy,fbs,Sun Belt,,,,,,,,
401761626,2025,7,regular,2025-10-11T04:00:00.000Z,True,False,False,True,,3775,Joan C. Edwards Stadium,276,Marshall,fbs,Sun Belt,,,,,,295,Old Dominion,fbs,Sun Belt,,,,,,,,
401761625,2025,7,regular,2025-10-11T04:00:00.000Z,True,False,False,True,,3651,Bridgeforth Stadium,256,James Madison,fbs,Sun Belt,,,,,,309,Louisiana,fbs,Sun Belt,,,,,,,,
401761624,2025,7,regular,2025-10-11T04:00:00.000Z,True,False,False,True,,4246,Center Parc Stadium,2247,Georgia State,fbs,Sun Belt,,,,,,2026,App State,fbs,Sun Belt,,,,,,,,
401761623,2025,7,regular,2025-10-11T04:00:00.000Z,True,False,False,True,,3654,Brooks Stadium (SC),324,Coastal Carolina,fbs,Sun Belt,,,,,,2433,UL Monroe,fbs,Sun Belt,,,,,,,,
401760389,2025,7,regular,2025-10-11T04:00:00.000Z,True,False,False,True,,7220,Clarence T.C. Ching Athletics Complex,62,Hawai'i,fbs,Mountain West,,,,,,328,Utah State,fbs,Mountain West,,,,,,,,
401760387,2025,7,regular,2025-10-11T04:00:00.000Z,True,False,False,True,,3653,Albertsons Stadium,68,Boise State,fbs,Mountain West,,,,,,167,New Mexico,fbs,Mountain West,,,,,,,,
401756922,2025,7,regular,2025-10-11T04:00:00.000Z,True,False,False,True,,587,Rice-Eccles Stadium,254,Utah,fbs,Big 12,,,,,,9,Arizona State,fbs,Big 12,,,,,,,,
401756921,2025,7,regular,2025-10-11T04:00:00.000Z,True,False,False,True,,3784,Jones AT&T Stadium,2641,Texas Tech,fbs,Big 12,,,,,,2305,Kansas,fbs,Big 12,,,,,,,,
401756920,2025,7,regular,2025-10-11T04:00:00.000Z,True,False,False,True,,3646,Boone Pickens Stadium,197,Oklahoma State,fbs,Big 12,,,,,,248,Houston,fbs,Big 12,,,,,,,,
401756919,2025,7,regular,2025-10-11T04:00:00.000Z,True,False,False,True,,3636,Bill Snyder Family Stadium,2306,Kansas State,fbs,Big 12,,,,,,2628,TCU,fbs,Big 12,,,,,,,,
401756918,2025,7,regular,2025-10-11T04:00:00.000Z,True,False,False,True,,3726,Folsom Field,38,Colorado,fbs,Big 12,,,,,,66,Iowa State,fbs,Big 12,,,,,,,,
401756917,2025,7,regular,2025-10-11T04:00:00.000Z,True,False,False,True,,3854,Nippert Stadium,2132,Cincinnati,fbs,Big 12,,,,,,2116,UCF,fbs,Big 12,,,,,,,,
401756916,2025,7,regular,2025-10-11T04:00:00.000Z,True,False,False,True,,3619,Arizona Stadium,12,Arizona,fbs,Big 12,,,,,,252,BYU,fbs,Big 12,,,,,,,,
401754561,2025,7,regular,2025-10-11T04:00:00.000Z,True,False,False,True,,3735,Gerald J. Ford Stadium,2567,SMU,fbs,ACC,,,,,,24,Stanford,fbs,ACC,,,,,,,,
401754560,2025,7,regular,2025-10-11T04:00:00.000Z,True,False,False,True,,721,Bobby Dodd Stadium,59,Georgia Tech,fbs,ACC,,,,,,259,Virginia Tech,fbs,ACC,,,,,,,,
401754559,2025,7,regular,2025-10-11T04:00:00.000Z,True,False,False,True,,3697,Doak Campbell Stadium,52,Florida State,fbs,ACC,,,,,,221,Pittsburgh,fbs,ACC,,,,,,,,
401754558,2025,7,regular,2025-10-11T04:00:00.000Z,True,False,False,True,,3615,"Alumni Stadium (Chestnut Hill, MA)",103,Boston College,fbs,ACC,,,,,,228,Clemson,fbs,ACC,,,,,,,,
401752870,2025,7,regular,2025-10-11T04:00:00.000Z,True,False,False,True,,3626,Autzen Stadium,2483,Oregon,fbs,Big Ten,,,,,,84,Indiana,fbs,Big Ten,,,,,,,,
401752869,2025,7,regular,2025-10-11T04:00:00.000Z,True,False,False,True,,347,Camp Randall Stadium,275,Wisconsin,fbs,Big Ten,,,,,,2294,Iowa,fbs,Big Ten,,,,,,,,
401752868,2025,7,regular,2025-10-11T04:00:00.000Z,True,False,False,True,,477,Los Angeles Memorial Coliseum,30,USC,fbs,Big Ten,,,,,,130,Michigan,fbs,Big Ten,,,,,,,,
401752867,2025,7,regular,2025-10-11T04:00:00.000Z,True,False,False,True,,3665,SECU Stadium,120,Maryland,fbs,Big Ten,,,,,,158,Nebraska,fbs,Big Ten,,,,,,,,
401752866,2025,7,regular,2025-10-11T04:00:00.000Z,True,False,False,True,,3632,Beaver Stadium,213,Penn State,fbs,Big Ten,,,,2063.0,,77,Northwestern,fbs,Big Ten,,,,,,,,
401752865,2025,7,regular,2025-10-11T04:00:00.000Z,True,False,False,True,,3832,"Memorial Stadium (Champaign, IL)",356,Illinois,fbs,Big Ten,,,,,,194,Ohio State,fbs,Big Ten,,,,,,,,
401752864,2025,7,regular,2025-10-11T04:00:00.000Z,True,False,False,True,,3953,Huntington Bank Stadium,135,Minnesota,fbs,Big Ten,,,,,,2509,Purdue,fbs,Big Ten,,,,,,,,
401752737,2025,7,regular,2025-10-11T04:00:00.000Z,True,False,False,True,,3795,Kyle Field,245,Texas A&M,fbs,SEC,,,,,,57,Florida,fbs,SEC,,,,,,,,FLEX: 3:30 - 4:30pm OR 6 - 8pm ET start
401752735,2025,7,regular,2025-10-11T04:00:00.000Z,True,False,False,True,,3853,Neyland Stadium,2633,Tennessee,fbs,SEC,,,,,,8,Arkansas,fbs,SEC,,,,,,,,FLEX: 3:30 - 4:30pm OR 6 - 8pm ET start
401752732,2025,7,regular,2025-10-11T04:00:00.000Z,True,False,False,True,,3958,Tiger Stadium (LA),99,LSU,fbs,SEC,,,,,,2579,South Carolina,fbs,SEC,,,,,,,,FLEX: 3:30 - 4:30pm OR 6 - 8pm ET start
401776971,2025,7,regular,2025-10-11T15:00:00.000Z,False,False,False,False,,5830,Walter M. Katz Field,40,Curry College,iii,Commonwealth Coast,,,,,,274,Maine Maritime,iii,Independent DIII,,,,,,,,
401752734,2025,7,regular,2025-10-11T16:00:00.000Z,False,False,False,True,,3838,Memorial Stadium,142,Missouri,fbs,SEC,,,,,,333,Alabama,fbs,SEC,,,,,,,,
401767736,2025,7,regular,2025-10-11T16:00:00.000Z,False,False,False,False,,3802,Lawrence A. Wien Stadium,171,Columbia,fcs,Ivy,,,,,,2329,Lehigh,fcs,Patriot,,,,,,,,
401773710,2025,7,regular,2025-10-11T16:00:00.000Z,False,False,False,True,,3848,Multi-Sport Stadium,2038,Assumption,ii,Northeast 10,,,,,,2487,Pace,ii,Northeast 10,,,,,,,,
401773822,2025,7,regular,2025-10-11T16:00:00.000Z,False,False,False,True,,4441,McConnell Family Stadium,367,Gannon,ii,Pennsylvania State Athletic,,,,,,2134,Clarion,ii,Pennsylvania State Athletic,,,,,,,,
401773862,2025,7,regular,2025-10-11T16:00:00.000Z,False,False,False,True,,3859,Offutt Field,611,Seton Hill,ii,Pennsylvania State Athletic,,,,,,215,Slippery Rock,ii,Pennsylvania State Athletic,,,,,,,,
401773865,2025,7,regular,2025-10-11T16:00:00.000Z,False,False,False,True,,5133,Ram Stadium (WV),2974,Shepherd,ii,Pennsylvania State Athletic,,,,,,223,West Chester,ii,Pennsylvania State Athletic,,,,,,,,
401774054,2025,7,regular,2025-10-11T16:00:00.000Z,False,False,False,True,,3675,Charles A. Gaetano Stadium,390,Utica,iii,Empire 8,,,,,,3110,SUNY Morrisville,iii,Empire 8,,,,,,,,
401774076,2025,7,regular,2025-10-11T16:00:00.000Z,False,False,False,False,,5124,Homewood Field,118,Johns Hopkins University,iii,Centennial,,,,,,2102,Carnegie Mellon,iii,Presidents',,,,,,,,
401774094,2025,7,regular,2025-10-11T16:00:00.000Z,False,False,False,True,,6124,Amos Alonzo Stagg Field (PA),216,Susquehanna,iii,Landmark Conference,,,,,,2354,Lycoming,iii,Landmark Conference,,,,,,,,
401774134,2025,7,regular,2025-10-11T16:00:00.000Z,False,False,False,False,,5638,Dave Wolk Stadium,293,Castleton,iii,MSCAC,,,,,,3112,Christopher Newport,iii,New Jersey,,,,,,,,
401774162,2025,7,regular,2025-10-11T16:00:00.000Z,False,False,False,True,,5914,Veterans Memorial Stadium (WI),2740,Wisconsin-Lacrosse,iii,Wisconsin,,,,,,2738,Wisconsin-Eau Claire,iii,Wisconsin,,,,,,,,
401774222,2025,7,regular,2025-10-11T16:00:00.000Z,False,False,False,True,,6092,Bishop Stadium,286,North Carolina Wesleyan,iii,USA South,,,,,,2056,Belhaven,iii,USA South,,,,,,,,
401777006,2025,7,regular,2025-10-11T16:00:00.000Z,False,False,False,True,,5898,John Coughlin Memorial Field,402,Worcester St,iii,MSCAC,,,,,,114,Fitchburg State,iii,MSCAC,,,,,,,,
401773308,2025,7,regular,2025-10-11T16:00:00.000Z,False,False,False,False,,3717,Edwin Fauver Stadium,184,University of Rochester (NY),iii,Liberty League,,,,,,125974,Hilbert College,iii,Empire 8,,,,,,,,
401773411,2025,7,regular,2025-10-11T16:00:00.000Z,False,False,False,False,,6045,Dwight T. Reed Stadium,2876,Lincoln (MO),ii,Great Lakes,,,,,,196,Northeastern State,ii,Independent DII,,,,,,,,
401752863,2025,7,regular,2025-10-11T16:00:00.000Z,False,False,False,True,,3936,Spartan Stadium,127,Michigan State,fbs,Big Ten,,,,,,26,UCLA,fbs,Big Ten,,,,,,,,
401777136,2025,7,regular,2025-10-11T16:00:00.000Z,False,False,False,False,,4757,Edwards-Maurer Field,2746,Wittenberg,iii,North Coast,,,,,,2302,John Carroll University,iii,Ohio,,,,,,,,
401777277,2025,7,regular,2025-10-11T16:00:00.000Z,False,False,False,True,,6128,Alumni Stadium (PA),2644,Thiel,iii,Presidents',,,,,,2242,Geneva,iii,Presidents',,,,,,,,
401777954,2025,7,regular,2025-10-11T16:00:00.000Z,False,False,False,True,,3747,Hantz Stadium,2886,Northwood (MI),ii,Great Midwest Athletic,,,,,,437,Lake Erie,ii,Great Midwest Athletic,,,,,,,,
401783345,2025,7,regular,2025-10-11T16:00:00.000Z,False,False,True,True,,7513,O'Hara Field,127954,Eastern University,iii,Mid Atlantic,,,,,,2808,Delaware Valley,iii,Mid Atlantic,,,,,,,,
401773446,2025,7,regular,2025-10-11T16:00:00.000Z,False,False,False,True,,6077,Stokes Stadium,2654,Truman State,ii,Great Lakes,,,,,,389,Upper Iowa University,ii,Great Lakes,,,,,,,,
401762483,2025,7,regular,2025-10-11T16:00:00.000Z,False,False,False,True,,3841,Michie Stadium,349,Army,fbs,American Athletic,,,,,,2429,Charlotte,fbs,American Athletic,,,,,,,,
401767667,2025,7,regular,2025-10-11T16:30:00.000Z,False,False,False,True,,3721,Fisher Field,322,Lafayette,fcs,Patriot,,,,,,2083,Bucknell,fcs,Patriot,,,,,,,,
401752733,2025,7,regular,2025-10-11T16:45:00.000Z,False,False,False,False,,3974,Vaught-Hemingway Stadium,145,Ole Miss,fbs,SEC,,,,,,265,Washington State,fbs,Pac-12,,,,,,,,
401773680,2025,7,regular,2025-10-11T17:00:00.000Z,False,False,False,True,,3642,Bobcat Stadium (MD),341,Frostburg State,ii,Mountain East,,,,,,2249,Glenville State,ii,Mountain East,,,,,,,,
401773858,2025,7,regular,2025-10-11T17:00:00.000Z,False,False,False,True,,4429,Seth Grove Stadium,2559,Shippensburg,ii,Pennsylvania State Athletic,,,,,,210,Millersville,ii,Pennsylvania State Athletic,,,,,,,,
401773975,2025,7,regular,2025-10-11T17:00:00.000Z,False,False,False,True,,5867,Albany State University Coliseum,2013,Albany State GA,ii,SIAC,,,,,,2805,Clark Atlanta,ii,SIAC,,,,,,,,
401774008,2025,7,regular,2025-10-11T17:00:00.000Z,False,False,False,True,,4749,McPherson Memorial Stadium,2119,Central State (OH),ii,SIAC,,,,,,60,Morehouse College,ii,SIAC,,,,,,,,
401774066,2025,7,regular,2025-10-11T17:00:00.000Z,False,False,False,True,,7077,Shadek Stadium,2234,Franklin & Marshall,iii,Centennial,,,,,,2422,Muhlenberg,iii,Centennial,,,,,,,,
401774086,2025,7,regular,2025-10-11T17:00:00.000Z,False,False,False,True,,6202,Cardinal Stadium (DC),2108,Catholic,iii,Landmark Conference,,,,,,246,Juniata College,iii,Landmark Conference,,,,,,,,
401774102,2025,7,regular,2025-10-11T17:00:00.000Z,False,False,False,True,,6134,Frank Bailey Field,237,Union (NY),iii,Liberty League,,,,,,174,Hobart College,iii,Liberty League,,,,,,,,
401774107,2025,7,regular,2025-10-11T17:00:00.000Z,False,False,False,True,,6113,Leckonby Stadium,2779,St. Lawrence,iii,Liberty League,,,,,,175,Ithaca College,iii,Liberty League,,,,,,,,
401774114,2025,7,regular,2025-10-11T17:00:00.000Z,False,False,False,True,,6107,ECAV Stadium,2528,Rensselaer,iii,Liberty League,,,,,,2085,Buffalo State,iii,Liberty League,,,,,,,,
401774231,2025,7,regular,2025-10-11T17:00:00.000Z,False,False,False,True,,5998,Monarch Stadium,291,Methodist,iii,USA South,,,,,,548,Lagrange College,iii,USA South,,,,,,,,
401774239,2025,7,regular,2025-10-11T17:00:00.000Z,False,False,False,False,,5932,Lloyd L. Thornton Stadium,2373,Maryville College (TN),iii,USA South,,,,,,2121,Centre College Kentucky,iii,Southern Athletic,,,,,,,,
401774281,2025,7,regular,2025-10-11T17:00:00.000Z,False,False,False,True,,6118,Birkelbach Field,2588,Southwestern University,iii,Southern Athletic,,,,,,2553,Sewanee,iii,Southern Athletic,,,,,,,,
401774316,2025,7,regular,2025-10-11T17:00:00.000Z,False,False,False,True,,6114,Sea Gull Stadium,2532,Salisbury,iii,New Jersey,,,,,,2871,Kean,iii,New Jersey,,,,,,,,
401774464,2025,7,regular,2025-10-11T17:00:00.000Z,False,False,False,True,,6108,Crain Field,2519,Rhodes College,iii,Southern Athletic,,,,,,2398,Millsaps,iii,Southern Athletic,,,,,,,,
401776730,2025,7,regular,2025-10-11T17:00:00.000Z,False,False,False,True,,5795,Edor Nelson Field,124,Augsburg,iii,Minnesota,,,,,,2802,Bethel (MN),iii,Minnesota,,,,,,,,
401776987,2025,7,regular,2025-10-11T17:00:00.000Z,False,False,False,True,,3621,Arnold Field (PA),388,Lebanon Valley,iii,Mid Atlantic,,,,,,2969,Misericordia,iii,Mid Atlantic,,,,,,,,
401777097,2025,7,regular,2025-10-11T17:00:00.000Z,False,False,False,True,,5123,Little Giant Stadium,89,Wabash College,iii,North Coast,,,,,,2980,Ohio Wesleyan,iii,North Coast,,,,,,,,
401777221,2025,7,regular,2025-10-11T17:00:00.000Z,False,False,False,True,,6105,Day Field,2516,Randolph-Macon,iii,Old Dominion,,,,,,2047,Averett,iii,Old Dominion,,,,,,,,
401777245,2025,7,regular,2025-10-11T17:00:00.000Z,False,False,False,True,,5892,Armfield Athletic Center,2258,Guilford College,iii,Old Dominion,,,,,,2828,Shenandoah,iii,Old Dominion,,,,,,,,
401777251,2025,7,regular,2025-10-11T17:00:00.000Z,False,False,False,False,,6138,Wilson Field,2688,Washington and Lee,iii,Old Dominion,,,,,,417,Gallaudet,iii,ECFC,,,,,,,,
401777306,2025,7,regular,2025-10-11T17:00:00.000Z,False,False,False,True,,6145,Blue Jay Stadium,433,Westminster College (MO),iii,Upper Midwest,,,,,,2399,Minnesota Morris,iii,Upper Midwest,,,,,,,,
401777613,2025,7,regular,2025-10-11T17:00:00.000Z,False,False,False,True,,6094,Reynolds Field,583,Northwestern (MN),iii,Upper Midwest,,,,,,2257,Greenville,iii,Upper Midwest,,,,,,,,
401777733,2025,7,regular,2025-10-11T17:00:00.000Z,False,False,False,True,,6136,Patterson Field,2667,Ursinus,iii,Centennial,,,,,,2700,McDaniel College,iii,Centennial,,,,,,,,
401777992,2025,7,regular,2025-10-11T17:00:00.000Z,False,False,False,True,,5835,Biddle Field,2175,Dickinson (PA),iii,Centennial,,,,,,2248,Gettysburg,iii,Centennial,,,,,,,,
401783333,2025,7,regular,2025-10-11T17:00:00.000Z,False,False,False,True,,5791,Turf Field,111674,Reading,iii,Mid Atlantic,,,,,,2015,Albright,iii,Mid Atlantic,,,,,,,,
401783351,2025,7,regular,2025-10-11T17:00:00.000Z,False,False,False,True,,4855,Leslie C. Quick Jr. Stadium,2725,Widener,iii,Mid Atlantic,,,,,,2221,FDU-Florham,iii,Mid Atlantic,,,,,,,,
401783363,2025,7,regular,2025-10-11T17:00:00.000Z,False,False,False,True,,5997,Brooks Stadium (NY),2383,Merchant Marine Academy,iii,NEWMAC,,,,,,2951,SUNY Maritime,iii,NEWMAC,,,,,,,,
401783905,2025,7,regular,2025-10-11T17:00:00.000Z,False,False,False,True,,6085,Sprague Field,2818,Montclair State,iii,New Jersey,,,,,,2827,Rowan,iii,New Jersey,,,,,,,,
401779512,2025,7,regular,2025-10-11T17:00:00.000Z,False,False,False,False,,6058,Ralph F. DellaCamera Stadium,2441,New Haven,fcs,NEC,,,,,,2843,Western Connecticut St,iii,MSCAC,,,,,,,,
401783310,2025,7,regular,2025-10-11T17:00:00.000Z,False,False,False,True,,6086,Rocco Calvo Field,323,Moravian,iii,Landmark Conference,,,,,,398,Wilkes,iii,Landmark Conference,,,,,,,,
401767752,2025,7,regular,2025-10-11T17:00:00.000Z,False,False,False,True,,3623,Arthur J. Rooney Athletic Field,2184,Duquesne,fcs,NEC,,,,,,2598,St. Francis (PA),fcs,NEC,,,,,,,,
401767739,2025,7,regular,2025-10-11T17:00:00.000Z,False,False,False,False,,3617,Andy Kerr Stadium,2142,Colgate,fcs,Patriot,,,,,,257,Richmond,fcs,Patriot,,,,,,,,
401767637,2025,7,regular,2025-10-11T17:00:00.000Z,False,False,False,True,,4416,Spec Martin Municipal Stadium,56,Stetson,fcs,Pioneer,,,,,,2413,Morehead State,fcs,Pioneer,,,,,,,,
401767605,2025,7,regular,2025-10-11T17:00:00.000Z,False,False,False,True,,3897,Richardson Stadium,2166,Davidson,fcs,Pioneer,,,,,,2900,St. Thomas (MN),fcs,Pioneer,,,,,,,,
401767596,2025,7,regular,2025-10-11T17:00:00.000Z,False,False,False,True,,3664,Butler Bowl,2086,Butler,fcs,Pioneer,,,,,,2506,Presbyterian,fcs,Pioneer,,,,,,,,
401767576,2025,7,regular,2025-10-11T17:00:00.000Z,False,False,False,False,,3881,Princeton University Stadium,163,Princeton,fcs,Ivy,,,,,,2382,Mercer,fcs,Southern,,,,,,,,
401767448,2025,7,regular,2025-10-11T17:00:00.000Z,False,False,False,True,,3829,Memorial Stadium,282,Indiana State,fcs,MVFC,,,,,,233,South Dakota,fcs,MVFC,,,,,,,,
401767353,2025,7,regular,2025-10-11T17:00:00.000Z,False,False,False,False,,3668,Campus Field,2529,Sacred Heart,fcs,FCS Independents,,,,,,47,Howard,fcs,MEAC,,,,,,,,
401767344,2025,7,regular,2025-10-11T17:00:00.000Z,False,False,False,False,,3613,Alumni Stadium,2169,Delaware State,fcs,MEAC,,,,,,2583,Southern Connecticut State,ii,Northeast 10,,,,,,,,
401767274,2025,7,regular,2025-10-11T17:00:00.000Z,False,False,False,False,,3603,Aggie Stadium,2448,North Carolina A&T,fcs,CAA,,,,,,2569,South Carolina State,fcs,MEAC,,,,,,,,
401767270,2025,7,regular,2025-10-11T17:00:00.000Z,False,False,False,True,,3824,Meade Stadium,227,Rhode Island,fcs,CAA,,,,,,160,New Hampshire,fcs,CAA,,,,,,,,
401767034,2025,7,regular,2025-10-11T17:00:00.000Z,False,False,False,False,,3661,Bulldog Stadium,2803,Bryant,fcs,CAA,,,,,,225,Brown,fcs,Ivy,,,,,,,,
401766695,2025,7,regular,2025-10-11T17:00:00.000Z,False,False,False,True,,5894,Steuben Field,348,Hamilton,iii,NESCAC,,,,,,2977,Trinity (CT),iii,NESCAC,,,,,,,,
401766697,2025,7,regular,2025-10-11T17:00:00.000Z,False,False,False,True,,5806,Whittier Field,340,Bowdoin,iii,NESCAC,,,,,,7,Amherst,iii,NESCAC,,,,,,,,
401773052,2025,7,regular,2025-10-11T17:00:00.000Z,False,False,False,True,,5873,Bulldogs Stadium,2075,Bowie State,ii,CIAA,,,,,,330,Virginia St,ii,CIAA,,,,,,,,
401773061,2025,7,regular,2025-10-11T17:00:00.000Z,False,False,False,True,,6221,Mitchell Stadium,124180,Bluefield State,ii,CIAA,,,,,,2339,Lincoln (PA),ii,CIAA,,,,,,,,
401773077,2025,7,regular,2025-10-11T17:00:00.000Z,False,False,False,True,,5941,Roebuck Stadium,2207,Elizabeth City State,ii,CIAA,,,,,,2676,Virginia Union,ii,CIAA,,,,,,,,
401773102,2025,7,regular,2025-10-11T17:00:00.000Z,False,False,False,True,,6068,George Williams Athletic Complex,2551,Shaw,ii,CIAA,,,,,,2736,Winston-Salem,ii,CIAA,,,,,,,,
401773108,2025,7,regular,2025-10-11T17:00:00.000Z,False,False,False,False,,5843,W.B. Adams Stadium,366,Ferrum,iii,Old Dominion,,,,,,122666,Wilson,ii,South Atlantic,,,,,,,,
401773210,2025,7,regular,2025-10-11T17:00:00.000Z,False,False,False,True,,3770,Jack Miller Stadium,308,Ashland,ii,Great Midwest Athletic,,,,,,2646,Thomas More College,ii,Great Midwest Athletic,,,,,,,,
401773496,2025,7,regular,2025-10-11T17:00:00.000Z,False,False,False,True,,3960,Top Taggart Field,2222,Ferris State,ii,GLIAC,,,,,,131,Wayne State (MI),ii,GLIAC,,,,,,,,
401773499,2025,7,regular,2025-10-11T17:00:00.000Z,False,False,False,True,,5263,Steele Stadium,2316,Kentucky Wesleyan,ii,Great Midwest Athletic,,,,,,2477,Ohio Dominican,ii,Great Midwest Athletic,,,,,,,,
401773512,2025,7,regular,2025-10-11T17:00:00.000Z,False,False,False,True,,3731,Frost-Kalnow Stadium,2838,Tiffin,ii,Great Midwest Athletic,,,,,,2682,Walsh,ii,Great Midwest Athletic,,,,,,,,
401773661,2025,7,regular,2025-10-11T17:00:00.000Z,False,False,False,True,,3667,Callaghan Stadium,2148,Concord University,ii,Mountain East,,,,,,2707,West Virginia State,ii,Mountain East,,,,,,,,
401773082,2025,7,regular,2025-10-11T17:30:00.000Z,False,False,False,True,,3813,"Luther ""Nick"" Jeralds Stadium",2220,Fayetteville State,ii,CIAA,,,,,,2940,Livingstone,ii,CIAA,,,,,,,,
401766694,2025,7,regular,2025-10-11T17:30:00.000Z,False,False,False,True,,5689,Seaverns Field At Harold Alfond Stadium,33,Colby College,iii,NESCAC,,,,,,336,Wesleyan University (CT),iii,NESCAC,,,,,,,,
401774401,2025,7,regular,2025-10-11T17:30:00.000Z,False,False,False,True,,5793,Macholtz Stadium,2023,Anderson (IN),iii,Heartland,,,,,,2074,Bluffton,iii,Heartland,,,,,,,,
401774410,2025,7,regular,2025-10-11T17:30:00.000Z,False,False,False,True,,3716,"Stewart """"Red"""" Faught Stadium",2233,Franklin,iii,Heartland,,,,,,86,Rose-Hulman,iii,Heartland,,,,,,,,
401774417,2025,7,regular,2025-10-11T17:30:00.000Z,False,False,False,True,,6088,Schueler Field,2419,Mount St. Joseph,iii,Heartland,,,,,,2262,Hanover College,iii,Heartland,,,,,,,,
401774424,2025,7,regular,2025-10-11T17:30:00.000Z,False,False,False,False,,5930,Carl W. Burt Memorial Stadium,2362,Manchester,iii,Heartland,,,,,,424,Capital,iii,Ohio,,,,,,,,
401777178,2025,7,regular,2025-10-11T17:30:00.000Z,False,False,False,True,,6101,"Memorial Stadium (Westerville, OH)",359,Otterbein,iii,Ohio,,,,,,188,Baldwin Wallace,iii,Ohio,,,,,,,,
401777208,2025,7,regular,2025-10-11T17:30:00.000Z,False,False,False,True,,6152,Wiliams Stadium (OH),2733,Wilmington (OH),iii,Ohio,,,,,,426,University of Mount Union,iii,Ohio,,,,,,,,
401777212,2025,7,regular,2025-10-11T17:30:00.000Z,False,False,False,True,,6090,Sherman Field at McConagha Stadium,332,Muskingum University,iii,Ohio,,,,,,427,Ohio Northern,iii,Ohio,,,,,,,,
401773252,2025,7,regular,2025-10-11T18:00:00.000Z,False,False,False,True,,5114,Shelton Stadium,2810,Hardin-Simmons,iii,American Southwest,,,,,,2371,Mary Hardin-Baylor,iii,American Southwest,,,,,,,,
401778026,2025,7,regular,2025-10-11T18:00:00.000Z,False,False,False,False,,5800,Jopson Athletic Complex,2079,Bridgewater (VA),iii,Old Dominion,,,,,,131109,Roanoke College,,,,,,,,,,
401777977,2025,7,regular,2025-10-11T18:00:00.000Z,False,False,False,True,,5876,Bentley University Football Stadium,2060,Bentley,ii,Northeast 10,,,,,,126086,Post University,ii,Northeast 10,,,,,,,,
401777603,2025,7,regular,2025-10-11T18:00:00.000Z,False,False,False,True,,3843,MLC Bowl,446,Martin Luther,iii,Upper Midwest,,,,,,509,Crown College,iii,Upper Midwest,,,,,,,,
401777591,2025,7,regular,2025-10-11T18:00:00.000Z,False,False,False,True,,5852,Jamieson Stadium,2256,Greensboro College,iii,USA South,,,,,,2938,Huntingdon College (AL),iii,USA South,,,,,,,,
401777289,2025,7,regular,2025-10-11T18:00:00.000Z,False,False,False,True,,6139,Cameron Stadium,2686,Washington & Jefferson,iii,Presidents',,,,,,2849,Westminster (PA),iii,Presidents',,,,,,,,
401777282,2025,7,regular,2025-10-11T18:00:00.000Z,False,False,False,True,,5864,Robert E. Thorn Field,146,Grove City College,iii,Presidents',,,,,,2845,Waynesburg,iii,Presidents',,,,,,,,
401777031,2025,7,regular,2025-10-11T18:00:00.000Z,False,False,False,True,,5827,Tomasini Stadium,409,Concordia-Wisconsin,iii,NACC,,,,,,6353,Lakeland,iii,NACC,,,,,,,,
401777014,2025,7,regular,2025-10-11T18:00:00.000Z,False,False,False,True,,5797,Vago Field,2044,Aurora,iii,NACC,,,,,,2524,Rockford,iii,NACC,,,,,,,,
401776763,2025,7,regular,2025-10-11T18:00:00.000Z,False,False,False,True,,5895,Klas Field,162,Hamline University,iii,Minnesota,,,,,,2152,Concordia Moorhead,iii,Minnesota,,,,,,,,
401776753,2025,7,regular,2025-10-11T18:00:00.000Z,False,False,False,True,,5117,Clemens Stadium,2600,Saint John's (MN),iii,Minnesota,,,,,,2359,Macalester,iii,Minnesota,,,,,,,,
401776746,2025,7,regular,2025-10-11T18:00:00.000Z,False,False,False,True,,5813,Klein Field at Manitou,133,St. Olaf,iii,Minnesota,,,,,,2968,Gustavus Adolphus,iii,Minnesota,,,,,,,,
401776738,2025,7,regular,2025-10-11T18:00:00.000Z,False,False,False,True,,6122,Public Schools Stadium,375,St. Scholastica,iii,Minnesota,,,,,,2101,Carleton,iii,Minnesota,,,,,,,,
401774459,2025,7,regular,2025-10-11T18:00:00.000Z,False,False,False,True,,5996,Wilford Moore Stadium,241,McMurry,iii,Southern Collegiate Athletic,,,,,,101161,LYONCOLL,iii,Southern Collegiate Athletic,,,,,,,,
401774376,2025,7,regular,2025-10-11T18:00:00.000Z,False,False,False,True,,5859,Tucci Stadium,306,Illinois Wesleyan,iii,CCIW,,,,,,396,Wheaton,iii,CCIW,,,,,,,,
401774370,2025,7,regular,2025-10-11T18:00:00.000Z,False,False,False,True,,5816,Art Keller Field,2106,Carthage,iii,CCIW,,,,,,143,Washington University (St. Louis),iii,CCIW,,,,,,,,
401774191,2025,7,regular,2025-10-11T18:00:00.000Z,False,False,False,True,,5903,Community Stadium at Goerke Park,2743,Wisconsin-Stevens Pt,iii,Wisconsin,,,,,,2745,Wisconsin-Whitewater,iii,Wisconsin,,,,,,,,
401774185,2025,7,regular,2025-10-11T18:00:00.000Z,False,False,False,True,,5901,David Smith Stadium at Ramer Field,2723,Wisconsin-River Falls,iii,Wisconsin,,,,,,272,Wisconsin-Platteville,iii,Wisconsin,,,,,,,,
401774178,2025,7,regular,2025-10-11T18:00:00.000Z,False,False,False,True,,5900,Don and Nona Williams Stadium,2744,Wisconsin-Stout,iii,Wisconsin,,,,,,271,Wisconsin-Oshkosh,iii,Wisconsin,,,,,,,,
401774020,2025,7,regular,2025-10-11T18:00:00.000Z,False,False,False,True,,6042,Alumni Stadium (KY),2310,Kentucky State,ii,SIAC,,,,,,2206,Edward Waters,ii,SIAC,,,,,,,,
401773990,2025,7,regular,2025-10-11T18:00:00.000Z,False,False,False,True,,5875,Charlie W. Johnson Stadium,490,Benedict College,ii,SIAC,,,,,,2232,Fort Valley State,ii,SIAC,,,,,,,,
401773958,2025,7,regular,2025-10-11T18:00:00.000Z,False,False,False,True,,6078,Pioneer Field (TN),2839,Greeneville,ii,South Atlantic,,,,,,2444,Newberry,ii,South Atlantic,,,,,,,,
401773895,2025,7,regular,2025-10-11T18:00:00.000Z,False,False,False,True,,3860,O'Harra Stadium,613,South Dakota Mines,ii,Rocky Mountain,,,,,,2146,Colorado School Of Mines,ii,Rocky Mountain,,,,,,,,
401773814,2025,7,regular,2025-10-11T18:00:00.000Z,False,False,False,True,,4440,Sox Harrison Stadium,2205,Edinboro University,ii,Pennsylvania State Athletic,,,,,,2858,PennWest California,ii,Pennsylvania State Athletic,,,,,,,,
401773785,2025,7,regular,2025-10-11T18:00:00.000Z,False,False,False,True,,3641,Blakeslee Stadium,2364,Minnesota State Mankato,ii,Northern Sun,,,,,,2851,Winona State,ii,Northern Sun,,,,,,,,
401773771,2025,7,regular,2025-10-11T18:00:00.000Z,False,False,False,True,,5872,Kirkeby-Over Stadium,2043,Augustana University (SD),ii,Northern Sun,,,,,,3066,Concordia University St Paul,ii,Northern Sun,,,,,,,,
401773737,2025,7,regular,2025-10-11T18:00:00.000Z,False,False,False,True,,6035,"Memorial Stadium (Wayne, NE)",2844,Wayne State (NE),ii,Northern Sun,,,,,,132,Bemidji State,ii,Northern Sun,,,,,,,,
401773672,2025,7,regular,2025-10-11T18:00:00.000Z,False,False,False,True,,5943,Duvall-Rosier Field,2986,Fairmont State,ii,Mountain East,,,,,,455,West Virginia Wesleyan,ii,Mountain East,,,,,,,,
401773651,2025,7,regular,2025-10-11T18:00:00.000Z,False,False,False,True,,6212,Bishop Schmitt Field,112335,Wheeling,ii,Mountain East,,,,,,2128,University Of Charleston (WV),ii,Mountain East,,,,,,,,
401773641,2025,7,regular,2025-10-11T18:00:00.000Z,False,False,False,True,,4724,Audrey J. Walton Stadium at Vernon Kennedy Field,2118,Central Missouri,ii,Mid America,,,,,,138,Northwest Missouri St,ii,Mid America,,,,,,,,
401773486,2025,7,regular,2025-10-11T18:00:00.000Z,False,False,False,True,,3885,Harvey Randall Wickes Memorial Stadium,129,Saginaw Valley State,ii,GLIAC,,,,,,127991,Roosevelt,ii,GLIAC,,,,,,,,
401773456,2025,7,regular,2025-10-11T18:00:00.000Z,False,False,False,True,,5934,Farmers Insurance Athletic Complex,110254,Davenport,ii,GLIAC,,,,,,2392,Michigan Tech,ii,GLIAC,,,,,,,,
401773418,2025,7,regular,2025-10-11T18:00:00.000Z,False,False,False,True,,3878,Plaster Sports Complex,2586,Southwest Baptist,ii,Great Lakes,,,,,,2816,McKendree,ii,Great Lakes,,,,,,,,
401773373,2025,7,regular,2025-10-11T18:00:00.000Z,False,False,False,True,,5113,Ruggles Field at Carpenter-Haygood Stadium,2271,Henderson State,ii,Great American,,,,,,2823,Northwestern Oklahoma State,ii,Great American,,,,,,,,
401773237,2025,7,regular,2025-10-11T18:00:00.000Z,False,False,False,True,,3698,Donnell Stadium,2224,Findlay,ii,Great Midwest Athletic,,,,,,2273,Hillsdale,ii,Great Midwest Athletic,,,,,,,,
401773181,2025,7,regular,2025-10-11T18:00:00.000Z,False,False,True,True,,6091,Abel Stadium,6845,Nebraska Wesleyan,iii,American Rivers,,,,,,263,Loras College,iii,American Rivers,,,,,,,,
401773159,2025,7,regular,2025-10-11T18:00:00.000Z,False,False,False,True,,5809,J. Leslie Rollins Stadium,63,Buena Vista,iii,American Rivers,,,,,,67,Luther,iii,American Rivers,,,,,,,,
401773048,2025,7,regular,2025-10-11T18:00:00.000Z,False,False,False,True,,3635,Bill Buxton Stadium,2564,Simpson College (IA),iii,American Rivers,,,,,,2141,Coe College,iii,American Rivers,,,,,,,,
401766696,2025,7,regular,2025-10-11T18:00:00.000Z,False,False,False,True,,6151,Farley-Lamb Field,2731,Williams,iii,NESCAC,,,,,,2394,Middlebury,iii,NESCAC,,,,,,,,
401766692,2025,7,regular,2025-10-11T18:00:00.000Z,False,False,False,True,,5820,Amos Alonzo Stagg Field,80,Chicago,iii,Midwest,,,,,,268,Lawrence University,iii,Midwest,,,,,,,,
401766690,2025,7,regular,2025-10-11T18:00:00.000Z,False,False,False,True,,5915,Farwell Field,262,Lake Forest College,iii,Midwest,,,,,,266,Beloit,iii,Midwest,,,,,,,,
401766689,2025,7,regular,2025-10-11T18:00:00.000Z,False,False,False,True,,5908,Harley Knosher Bowl,255,Knox College,iii,Midwest,,,,,,65,Grinnell,iii,Midwest,,,,,,,,
401766688,2025,7,regular,2025-10-11T18:00:00.000Z,False,False,False,True,,6084,April Zorn Memorial Stadium,2919,Monmouth (IL),iii,Midwest,,,,,,2286,Illinois College,iii,Midwest,,,,,,,,
401767143,2025,7,regular,2025-10-11T18:00:00.000Z,False,False,False,True,,3620,Armstrong Stadium,2261,Hampton,fcs,CAA,,,,,,2097,Campbell,fcs,CAA,,,,,,,,
401767154,2025,7,regular,2025-10-11T18:00:00.000Z,False,False,False,True,,3894,Rhodes Stadium,2210,Elon,fcs,CAA,,,,,,222,Villanova,fcs,CAA,,,,,,,,
401767242,2025,7,regular,2025-10-11T18:00:00.000Z,False,False,False,True,,5888,University Stadium (GA),2698,West Georgia,fcs,UAC,,,,,,2000,Abilene Christian,fcs,UAC,,,,,,,,
401767583,2025,7,regular,2025-10-11T18:00:00.000Z,False,False,False,False,,3782,Johnson Hagood Stadium,2643,The Citadel,fcs,Southern,,,,,,2673,Valdosta State,ii,Gulf South,,,,,,,,
401767616,2025,7,regular,2025-10-11T18:00:00.000Z,False,False,False,True,,3655,Brown Field,2674,Valparaiso,fcs,Pioneer,,,,,,2168,Dayton,fcs,Pioneer,,,,,,,,
401773946,2025,7,regular,2025-10-11T18:30:00.000Z,False,False,False,True,,6046,Meares Stadium,2369,Mars Hill,ii,South Atlantic,,,,,,2213,Emory & Henry College,ii,South Atlantic,,,,,,,,
401773176,2025,7,regular,2025-10-11T18:30:00.000Z,False,False,False,True,,6137,Walston-Hoover Stadium,2685,Wartburg,iii,American Rivers,,,,,,49,Dubuque,iii,American Rivers,,,,,,,,
401777192,2025,7,regular,2025-10-11T18:30:00.000Z,False,False,False,True,,5931,Don Drumm Stadium,317,Marietta,iii,Ohio,,,,,,191,Heidelberg,iii,Ohio,,,,,,,,
401767567,2025,7,regular,2025-10-11T18:30:00.000Z,False,False,False,True,,3704,E. J. Whitmire Stadium,2717,Western Carolina,fcs,Southern,,,,,,231,Furman,fcs,Southern,,,,,,,,
401767196,2025,7,regular,2025-10-11T19:00:00.000Z,False,False,False,True,,3858,O'Brien Stadium,2197,Eastern Illinois,fcs,Big South-OVC,,,,,,2241,Gardner-Webb,fcs,Big South-OVC,,,,,,,,
401767236,2025,7,regular,2025-10-11T19:00:00.000Z,False,False,False,True,,3748,Graham Stadium,2630,UT Martin,fcs,Big South-OVC,,,,,,2710,Western Illinois,fcs,Big South-OVC,,,,,,,,
401767313,2025,7,regular,2025-10-11T19:00:00.000Z,False,False,False,True,,3809,Louis Crews Stadium,2010,Alabama A&M,fcs,SWAC,,,,,,2400,Mississippi Valley State,fcs,SWAC,,,,,,,,
401767390,2025,7,regular,2025-10-11T19:00:00.000Z,False,False,False,True,,3850,Municipal Stadium,2065,Bethune-Cookman,fcs,SWAC,,,,,,2582,Southern,fcs,SWAC,,,,,,,,
401773346,2025,7,regular,2025-10-11T19:00:00.000Z,False,False,False,True,,6064,Crain Family Stadium,319,Oklahoma Baptist,ii,Great American,,,,,,2028,Arkansas-Monticello,ii,Great American,,,,,,,,
401773336,2025,7,regular,2025-10-11T19:00:00.000Z,False,False,False,True,,5936,Koi Ishto Stadium,2191,East Central (OK),ii,Great American,,,,,,2033,Arkansas Tech,ii,Great American,,,,,,,,
401773133,2025,7,regular,2025-10-11T19:00:00.000Z,False,False,False,False,,6060,Grace P. Johnson Stadium,2882,UNC Pembroke,ii,Mountain East,,,,,,2560,Shorter,ii,Gulf South,,,,,,,,
401766691,2025,7,regular,2025-10-11T19:00:00.000Z,False,False,False,True,,5828,Van Metre Field at Ash Park,2155,Cornell College (IA),iii,Midwest,,,,,,2891,Ripon,iii,Midwest,,,,,,,,
401767372,2025,7,regular,2025-10-11T19:00:00.000Z,False,False,False,False,,3771,Jack Spinks Stadium,2016,Alcorn State,fcs,SWAC,,,,,,124179,Lincoln (CA),ii,Independent DII,,,,,,,,
401774361,2025,7,regular,2025-10-11T19:00:00.000Z,False,False,False,True,,5815,Schneider Stadium,32,Carroll University (WI),iii,CCIW,,,,,,75,North Park,iii,CCIW,,,,,,,,
401774323,2025,7,regular,2025-10-11T19:00:00.000Z,False,False,False,True,,5824,Lions Stadium,2442,College Of New Jersey,iii,New Jersey,,,,,,2970,William Paterson,iii,New Jersey,,,,,,,,
401774212,2025,7,regular,2025-10-11T19:00:00.000Z,False,False,False,True,,5807,Brevard Memorial Stadium,2913,Brevard College,iii,USA South,,,,,,2896,Southern Virginia,iii,USA South,,,,,,,,
401774022,2025,7,regular,2025-10-11T19:00:00.000Z,False,False,False,True,,6044,Lane Field,2323,Lane College,ii,SIAC,,,,,,2396,Miles College,ii,SIAC,,,,,,,,
401773932,2025,7,regular,2025-10-11T19:00:00.000Z,False,False,False,True,,5781,Irwin Belk Stadium,351,Wingate,ii,South Atlantic,,,,,,2107,Catawba,ii,South Atlantic,,,,,,,,
401773921,2025,7,regular,2025-10-11T19:00:00.000Z,False,False,False,True,,6553,Helen and Leonard Moretz Stadium,2331,Lenoir-Rhyne,ii,South Atlantic,,,,,,129469,Anderson (Sc),ii,South Atlantic,,,,,,,,
401773889,2025,7,regular,2025-10-11T19:00:00.000Z,False,False,False,True,,5880,Elliott Field at Don Beebe Stadium,2123,Chadron St,ii,Rocky Mountain,,,,,,2424,New Mexico Highlands,ii,Rocky Mountain,,,,,,,,
401773884,2025,7,regular,2025-10-11T19:00:00.000Z,False,False,False,True,,5782,Mountaineer Bowl,2714,Western Colorado,ii,Rocky Mountain,,,,,,2069,Black Hills State,ii,Rocky Mountain,,,,,,,,
401773754,2025,7,regular,2025-10-11T19:00:00.000Z,False,False,False,False,,6052,Herb Parker Stadium,568,Minot State,ii,Northern Sun,,,,,,2939,Jamestown College,,,,,,,,,,
401773747,2025,7,regular,2025-10-11T19:00:00.000Z,False,False,False,True,,3638,MDU Resources Community Bowl,559,University of Mary,ii,Northern Sun,,,,,,2817,Minnesota State Moorhead,ii,Northern Sun,,,,,,,,
401773644,2025,7,regular,2025-10-11T19:00:00.000Z,False,False,False,True,,6067,Carnie Smith Stadium,90,Pittsburg St,ii,Mid America,,,,,,2687,Washburn,ii,Mid America,,,,,,,,
401773629,2025,7,regular,2025-10-11T19:00:00.000Z,False,False,False,True,,6057,Ron & Carol Cope Stadium at Foster Field,2438,Nebraska-Kearney,ii,Mid America,,,,,,137,Missouri Western,ii,Mid America,,,,,,,,
401773608,2025,7,regular,2025-10-11T19:00:00.000Z,False,False,False,True,,5942,Francis G. Welch Stadium,2214,Emporia State University,ii,Mid America,,,,,,2403,Missouri Southern State,ii,Mid America,,,,,,,,
401773387,2025,7,regular,2025-10-11T19:00:00.000Z,False,False,False,True,,3934,Southern Nazarene University Football Stadium,200,Southern Nazarene,ii,Great American,,,,,,2888,Ouachita Baptist,ii,Great American,,,,,,,,
401754562,2025,7,regular,2025-10-11T19:30:00.000Z,False,False,False,False,,3855,Notre Dame Stadium,87,Notre Dame,fbs,FBS Independents,,,,2173.0,,152,NC State,fbs,ACC,,,,,,,,
401767363,2025,7,regular,2025-10-11T19:30:00.000Z,False,False,False,True,,3976,Mississippi Veterans Memorial Stadium,2296,Jackson State,fcs,SWAC,,,,,,2011,Alabama State,fcs,SWAC,,,,,,,,
401754563,2025,7,regular,2025-10-11T19:30:00.000Z,False,False,False,False,,3893,Reser Stadium,204,Oregon State,fbs,Pac-12,,,,,,154,Wake Forest,fbs,ACC,,,,,,,,
401760386,2025,7,regular,2025-10-11T19:30:00.000Z,False,False,False,True,,6501,Allegiant Stadium,2439,UNLV,fbs,Mountain West,,,,,,2005,Air Force,fbs,Mountain West,,,,,,,,
401773262,2025,7,regular,2025-10-11T19:30:00.000Z,False,False,False,True,,5857,Gordon Wood Stadium,2758,Howard Payne,iii,American Southwest,,,,,,2194,East Texas Baptist University,iii,American Southwest,,,,,,,,
401774040,2025,7,regular,2025-10-11T19:30:00.000Z,False,False,False,True,,5636,Wright Stadium,173,Hartwick,iii,Empire 8,,,,,,374,St John Fisher University,iii,Empire 8,,,,,,,,
401773394,2025,7,regular,2025-10-11T19:30:00.000Z,False,False,False,True,,5891,Wilkins Stadium,2568,Southern Arkansas,ii,Great American,,,,,,2927,Southwestern Oklahoma State,ii,Great American,,,,,,,,
401767511,2025,7,regular,2025-10-11T19:30:00.000Z,False,False,False,True,,3714,Fargodome,2449,North Dakota State,fcs,MVFC,,,,,,79,Southern Illinois,fcs,MVFC,,,,,,,,
401752736,2025,7,regular,2025-10-11T19:30:00.000Z,False,False,True,True,,499,Cotton Bowl,251,Texas,fbs,SEC,,,,,,201,Oklahoma,fbs,SEC,,,,,,,,Allstate Red River Rivalry
401773903,2025,7,regular,2025-10-11T20:00:00.000Z,False,False,False,True,,4852,Neta and Eddie DeRose ThunderBowl,2570,CSU Pueblo,ii,Rocky Mountain,,,,,,2237,Fort Lewis,ii,Rocky Mountain,,,,,,,,
401773401,2025,7,regular,2025-10-11T20:00:00.000Z,False,False,False,True,,3609,Allgood-Bailey Stadium,2402,Missouri S&T,ii,Great Lakes,,,,,,2292,Indianapolis,ii,Great Lakes,,,,,,,,
401767165,2025,7,regular,2025-10-11T20:00:00.000Z,False,False,False,True,,3658,Buccaneer Field,2127,Charleston Southern,fcs,Big South-OVC,,,,,,2635,Tennessee Tech,fcs,Big South-OVC,,,,,,,,
401767220,2025,7,regular,2025-10-11T20:00:00.000Z,False,False,False,True,,7003,Houck Field,2546,Southeast Missouri State,fcs,Big South-OVC,,,,,,2634,Tennessee State,fcs,Big South-OVC,,,,,,,,
401767504,2025,7,regular,2025-10-11T20:00:00.000Z,False,False,False,True,,3605,Alerus Center,155,North Dakota,fcs,MVFC,,,,,,2754,Youngstown State,fcs,MVFC,,,,,,,,
401783816,2025,7,regular,2025-10-11T20:00:00.000Z,False,False,False,True,,5909,Ortmayer Stadium,2318,La Verne,iii,So. Cal.,,,,,,2094,California Lutheran University,iii,So. Cal.,,,,,,,,
401778024,2025,7,regular,2025-10-11T20:00:00.000Z,False,False,False,True,,6149,McCulloch Stadium,2930,Willamette,iii,Northwest,,,,,,2333,Lewis & Clark College,iii,Northwest,,,,,,,,
401777624,2025,7,regular,2025-10-11T20:00:00.000Z,False,False,False,True,,6096,Austin E. Knowlton Athletics Complex,391,Oberlin,iii,North Coast,,,,,,352,Kenyon,iii,North Coast,,,,,,,,
401777163,2025,7,regular,2025-10-11T20:00:00.000Z,False,False,False,True,,6104,Baker Stadium,2508,Puget Sound,iii,Northwest,,,,,,2486,Pacific Lutheran,iii,Northwest,,,,,,,,
401777147,2025,7,regular,2025-10-11T20:00:00.000Z,False,False,False,True,,5119,Maxwell Field,203,Linfield College,iii,Northwest,,,,,,205,Pacific (OR),iii,Northwest,,,,,,,,
401777141,2025,7,regular,2025-10-11T20:00:00.000Z,False,False,False,True,,6148,The Pine Bowl,2721,Whitworth,iii,Northwest,,,,,,415,NEWBERG,iii,Northwest,,,,,,,,
401773434,2025,7,regular,2025-10-11T20:00:00.000Z,False,False,True,True,,7504,Liberty North High School,2911,William Jewell,ii,Great Lakes,,,,,,2825,Quincy,ii,Great Lakes,,,,,,,,
401767622,2025,7,regular,2025-10-11T21:00:00.000Z,False,False,False,True,,716,Torero Stadium,301,San Diego,fcs,Pioneer,,,,,,2181,Drake,fcs,Pioneer,,,,,,,,
401773549,2025,7,regular,2025-10-11T21:00:00.000Z,False,False,False,True,,5938,Al Whitehead Field at Greyhound Stadium,2201,Eastern New Mexico,ii,Lone Star,,,,,,2848,Western Oregon,ii,Lone Star,,,,,,,,
401773118,2025,7,regular,2025-10-11T21:00:00.000Z,False,False,True,True,,10803,Pen-Air Field,110242,West Florida,ii,Gulf South,,,,,,2804,Chowan,ii,Gulf South,,,,,,,,
401773790,2025,7,regular,2025-10-11T22:00:00.000Z,False,False,False,True,,6072,Schwan Regional Event Center,2587,Southwest Minnesota State,ii,Northern Sun,,,,,,2894,Sioux Falls,ii,Northern Sun,,,,,,,,
401767251,2025,7,regular,2025-10-11T22:00:00.000Z,False,False,False,True,,3908,Roy Kidd Stadium,2198,Eastern Kentucky,fcs,UAC,,,,,,2046,Austin Peay,fcs,UAC,,,,,,,,
401773847,2025,7,regular,2025-10-11T22:00:00.000Z,False,False,False,True,,3760,Hubert Jack Stadium,209,Lock Haven University,ii,Pennsylvania State Athletic,,,,,,2315,Kutztown University,ii,Pennsylvania State Athletic,,,,,,,,
401783913,2025,7,regular,2025-10-11T22:00:00.000Z,False,False,False,True,,5841,Pete FioRito Stadium at McKinzie Field,101,Eureka College,iii,NACC,,,,,,2283,Benedictine University,iii,NACC,,,,,,,,
401774339,2025,7,regular,2025-10-11T22:00:00.000Z,False,False,False,True,,4422,Valhalla Stadium,2757,Berry College,iii,Southern Athletic,,,,,,386,Trinity University TX,iii,Southern Athletic,,,,,,,,
401773983,2025,7,regular,2025-10-11T22:00:00.000Z,False,False,False,True,,6217,W.C. Hawkins Stadium,2019,Allen,ii,SIAC,,,,,,2542,Savannah St,ii,SIAC,,,,,,,,
401773804,2025,7,regular,2025-10-11T22:05:00.000Z,False,False,False,True,,4439,Eiler-Martin Stadium,2188,East Stroudsburg University,ii,Pennsylvania State Athletic,,,,,,2071,Bloomsburg,ii,Pennsylvania State Athletic,,,,,,,,
401767470,2025,7,regular,2025-10-11T23:00:00.000Z,False,False,False,True,,4424,Husky Stadium,2277,Houston Christian,fcs,Southland,,,,,,2466,Northwestern State,fcs,Southland,,,,,,,,
401766693,2025,7,regular,2025-10-11T23:00:00.000Z,False,False,False,True,,6133,Ellis Oval at Zimman Field,112,Tufts,iii,NESCAC,,,,,,121,Bates,iii,NESCAC,,,,,,,,
401773464,2025,7,regular,2025-10-11T23:00:00.000Z,False,False,False,True,,3950,Superior Dome,128,Northern Michigan,ii,GLIAC,,,,,,125,Grand Valley State University,ii,GLIAC,,,,,,,,
401773574,2025,7,regular,2025-10-11T23:00:00.000Z,False,False,False,True,,5917,Ratliff Stadium,110243,UT Permian Basin,ii,Lone Star,,,,,,2120,Central Washington,ii,Lone Star,,,,,,,,
401773763,2025,7,regular,2025-10-11T23:00:00.000Z,False,False,False,True,,3951,Swisher Field,425,Northern State,ii,Northern Sun,,,,,,134,Minnesota Duluth,ii,Northern Sun,,,,,,,,
401774352,2025,7,regular,2025-10-11T23:00:00.000Z,False,False,False,True,,5839,Langhorst Field,72,Elmhurst,iii,CCIW,,,,,,2042,Augustana (IL),iii,CCIW,,,,,,,,
401774381,2025,7,regular,2025-10-11T23:00:00.000Z,False,False,False,True,,980,Benedetti-Wehrli Stadium,3071,North Central College,iii,CCIW,,,,,,74,Millikin,iii,CCIW,,,,,,,,
401777046,2025,7,regular,2025-10-11T23:00:00.000Z,False,False,False,True,,5913,Warrior Field at Raabe Stadium,2741,Wisconsin-Lutheran,iii,NACC,,,,,,2832,St. Norbert,iii,NACC,,,,,,,,
401777072,2025,7,regular,2025-10-11T23:00:00.000Z,False,False,False,True,,6127,John P. Papp Stadium,2748,Wooster,iii,North Coast,,,,,,2171,Denison University,iii,North Coast,,,,,,,,
401777285,2025,7,regular,2025-10-11T23:00:00.000Z,False,False,False,True,,5803,Bison Stadium,2062,Bethany (WV),iii,Presidents',,,,,,2614,Saint Vincent,iii,Presidents',,,,,,,,
401760391,2025,7,regular,2025-10-11T23:00:00.000Z,False,False,False,True,,3984,War Memorial Stadium,2751,Wyoming,fbs,Mountain West,,,,,,23,San Jos State,fbs,Mountain West,,,,,,,,
401767418,2025,7,regular,2025-10-11T23:00:00.000Z,False,False,False,True,,3902,Eddie Robinson Stadium,2755,Grambling,fcs,SWAC,,,,,,2640,Texas Southern,fcs,SWAC,,,,,,,,
401773559,2025,7,regular,2025-10-12T00:00:00.000Z,False,False,False,True,,6123,Jackson Field,2834,Sul Ross State,ii,Lone Star,,,,,,2395,Midwestern State,ii,Lone Star,,,,,,,,
401773539,2025,7,regular,2025-10-12T00:00:00.000Z,False,False,False,True,,6076,Javelina Stadium,2658,Texas A&M-Kingsville,ii,Lone Star,,,,,,2025,Angelo State,ii,Lone Star,,,,,,,,
401773874,2025,7,regular,2025-10-12T00:00:00.000Z,False,False,False,True,,5882,Ralph Stocker Stadium,11,Colorado Mesa,ii,Rocky Mountain,,,,,,2001,Adams State,ii,Rocky Mountain,,,,,,,,
401773599,2025,7,regular,2025-10-12T00:00:00.000Z,False,False,False,True,,5890,Lewis Field Stadium,2231,Fort Hays State,ii,Mid America,,,,,,2122,Central Oklahoma,ii,Mid America,,,,,,,,
401767307,2025,7,regular,2025-10-12T00:00:00.000Z,False,False,False,True,,3745,Greater Zion Stadium,3101,Utah Tech,fcs,UAC,,,,,,2627,Tarleton State,fcs,UAC,,,,,,,,
401774268,2025,7,regular,2025-10-12T02:00:00.000Z,False,False,False,True,,6103,Merritt Field,2923,Pomona Pitzer,iii,So. Cal.,,,,,,411,Chapman,iii,So. Cal.,,,,,,,,
401760390,2025,7,regular,2025-10-12T02:30:00.000Z,False,False,False,True,,3816,Mackay Stadium,2440,Nevada,fbs,Mountain West,,,,,,21,San Diego State,fbs,Mountain West,,,,,,,,
